{
    "confusion_matrix": [
        [
            183,
            9
        ],
        [
            49,
            156
        ]
    ],
    "accuracy": 0.853904282115869,
    "precision": 0.9454545454545454,
    "recall": 0.7609756097560976
}